steam_volume,steam_pressure,injection_duration,soak_time,production_cutoff,spm,stroke_length,vfd_frequency,rod_load,motor_power,reservoir_temperature,reservoir_pressure,oil_viscosity,oil_mobility,production_potential,wellbore_temperature,wellbore_pressure_drop,fluid_mobility,estimated_flow_rate,pump_inlet_pressure,actual_production,pump_efficiency,energy_consumption,sor,rod_load_actual,failure_risk,is_anomalous,motor_current,well_id,timestamp,cycle_id
74.9816047538945,27.704285838459498,26.78392730173686,38.36780362072888,0.7340279606636548,5.9087538832936755,93.25398470083343,53.78997883128378,111.29616042700101,13.775371105841463,48.211414673974225,13.690127447955128,549.3786491735618,0.0018202381936471583,0.99,43.38268556223667,10.575535987604425,0.0018202381936471583,0.0,4.488945661424001,130.23244402472358,0.2,14.311366612013046,4.873459977473469,111.29616042700101,0.5358007961754052,0,195.15499925472335,BW-001,2026-09-26 13:20:40.339683,1
66.2397808134481,22.348501673009196,28.394113749299223,38.42676028183701,1.5621088666940683,5.765622705069351,72.65477506155759,38.919657248382904,88.18880934006762,10.472500518165571,47.75786962639244,14.850496324767066,538.2461367989424,0.001857886070390027,0.98,43.648812749706906,9.680073217396846,0.001857886070390027,1.5664348641723258,5.297593007873305,138.6517624120255,0.2870376048566684,12.355892640483374,3.226947042481178,88.18880934006762,0.4554365388399081,0,168.48944509750055,BW-001,2026-10-06 13:20:40.339683,2
60.823379771832094,27.819459112971966,27.98931168960506,29.096138656278626,0.7727374508106509,3.1356818667316144,79.75990992289793,42.77354579378964,53.88884273164402,6.252542580934451,46.21526774231032,14.890164056081243,530.0793031295426,0.001886510177054803,0.97,43.360746259177915,9.691010907998193,0.001886510177054803,0.15040714931213608,5.339693396766707,69.54211487651497,0.4433730123293288,11.121550336250513,4.634444400402431,53.88884273164402,0.3386532667110095,0,151.65750458523425,BW-001,2026-10-16 13:20:40.339683,3
67.33618039413736,23.825453457757227,24.297077179586854,34.36668044741078,0.9368437102970628,4.070259980080768,78.42803529062142,45.85392166316497,61.1537903636409,7.980562333994463,47.45753963063235,14.740864890863175,554.5809181395485,0.0018031633748862076,0.96,43.94950256094576,10.556599950423735,0.0018031633748862076,0.0,4.5338642522763495,115.50678777087697,0.44448987781908633,13.322518741602087,3.4837045818009034,61.1537903636409,0.37022024332066755,0,181.67071011275573,BW-001,2026-10-26 13:20:40.339683,4
84.47411578889518,22.83696316391225,21.50573578242262,32.7926842390486,1.1841049763255538,3.422772674924288,94.06590942262119,36.491012873595416,67.30385885629538,8.049155610341273,48.862623765441086,15.457701058851036,523.5264538592963,0.001910123151615871,0.95,43.905672403109286,10.60027638444386,0.001910123151615871,0.0,4.62991266716806,83.83012428619736,0.3803485311004829,12.504133017014702,3.6780595820974016,67.30385885629538,0.38140413234544013,0,170.51090477747323,BW-001,2026-11-05 13:20:40.339683,5
91.40703845572054,23.198042692950157,24.17081326096334,38.217949652689015,0.5696756190799965,5.187021504122962,93.13811040057837,36.480893034681806,101.06061859820247,12.07773453752946,51.039806878017764,15.256633716556678,506.26417566254696,0.0019752533322969215,0.94,46.75494803203161,9.956424589565556,0.0019752533322969215,4.251447735059773,4.770759173996023,171.44095040526878,0.34207477528382135,12.623302182571486,4.794220519905155,101.06061859820247,0.488747981359439,0,172.13593885324755,BW-001,2026-11-15 13:20:40.339683,6
84.30179407605753,23.023144742123748,18.780619115823356,46.77325289408,1.948448049611839,4.075397185632818,73.47607178575389,52.26206851751187,52.348068785665845,7.486104404175409,49.74234666075667,14.648973453061323,531.3017060222433,0.001882169751508636,0.9299999999999999,45.841757528473984,11.357905685579265,0.001882169751508636,0.0,3.377902068861804,102.2973670260085,0.4191299040366944,11.868872992407438,4.284063292308575,52.348068785665845,0.3338840744255591,0,161.84826807828324,BW-001,2026-11-25 13:20:40.339683,7
92.33589392465845,23.827682615040224,19.172065368076606,40.42159263629176,1.1602287406094018,3.190675050858071,79.32946965146986,41.50366644053494,56.12114680187358,6.327863990368685,50.522721942101,14.26824252593394,511.6239370893364,0.0019545606206173003,0.92,46.01681445533329,10.596567159738967,0.0019545606206173003,0.0,4.233543521380201,66.6820930613068,0.41283786546081,12.153830868701872,3.018394103233259,56.12114680187358,0.3405576704663795,0,165.7340573004801,BW-001,2026-12-05 13:20:40.339683,8
64.88152939379115,24.97106146066762,18.41266225338262,45.82368964989077,0.8881699724000254,5.188818535014192,89.12672414065639,52.744254851526534,87.30333025464954,11.561559954653369,47.02834968613325,15.002556728321231,545.8989044604334,0.001831841009075481,0.91,42.9956566006064,10.779320204845988,0.001831841009075481,0.0,4.2234230988760535,154.49525653580844,0.32191428167813685,12.445519816468035,3.0101231676924374,87.30333025464954,0.45478077218696183,0,169.71163386092775,BW-001,2026-12-15 13:20:40.339683,9
86.50089137415928,23.870266456536466,24.24081625413373,37.12104670423871,0.7772816832882905,5.139734361668985,92.82355145850693,46.22554395138992,95.03866067554652,11.927209925085933,49.74054657274875,14.78967733861732,507.4756331870685,0.00197053796202935,0.9,47.06105924715494,10.35460851751907,0.00197053796202935,0.0,4.7874692116714845,148.3398556858933,0.30247419406532444,12.27263490683505,4.383790395385386,95.03866067554652,0.4690382255412756,0,167.3541123659325,BW-001,2026-12-25 13:20:40.339683,10
86.07845038010402,23.34561585676336,26.546150656170433,29.6939780999232,0.9880995472389016,3.420252045709572,85.5498895709121,52.54746143855911,62.882672751330276,7.315054620378502,52.055711646340924,13.987428706671196,510.16459254664545,0.001960151713015183,0.99,48.860197443148806,10.424538887036647,0.001960151713015183,0.0,5.0383814085210785,89.45160481169157,0.4469124618714903,11.631352858308576,3.6816070805060357,62.882672751330276,0.36265828693509455,0,158.6093571587533,BW-002,2026-09-26 13:20:40.358653,1
89.85965620472096,25.897797394283288,28.190680925930135,39.782709415208245,1.3524629050032075,5.107452251961328,80.78473453659265,40.871836885289866,87.85182758709233,10.315104358325456,50.66540274547757,15.426216667398112,507.8249581985276,0.0019691824591438513,0.98,48.52949071616144,11.200756694568256,0.0019691824591438513,7.501743814202156,3.368484660077913,164.96986765595128,0.3914143085260712,12.447095722669742,4.5090857481693645,87.85182758709233,0.445186912749866,0,169.73312349095102,BW-002,2026-10-06 13:20:40.358653,2
63.7469907131237,24.2062948183566,21.182428412180705,29.855751441098008,1.9595158321286683,5.428083466435541,94.30340184037541,52.341446371602075,102.49700634400293,12.79716840895922,45.76952786853585,15.252493639490229,552.4970009044151,0.0018099645760303506,0.97,41.79344697367902,11.344066880599556,0.0018099645760303506,0.32265999150248786,3.595195861650979,183.3317083529468,0.3299037073661919,13.295400114754127,3.6400992020612235,102.49700634400293,0.5074057880846676,0,181.3009106557381,BW-002,2026-10-16 13:20:40.358653,3
75.72390898667041,27.35227933106268,25.573663511967155,43.075471284999566,1.2539556396577882,4.504548884061599,93.94885536900325,47.999278615555305,88.9990122663236,10.579930290282704,49.224341542170684,14.832749382079525,513.6810695213528,0.0019467332150896633,0.96,45.46701479835029,10.598853651165344,0.0019467332150896633,0.8595967085196896,4.59978555119097,113.38046921140547,0.297381640175996,13.151682001609048,3.0216753029605967,88.9990122663236,0.45076769507748454,0,179.34111820375975,BW-002,2026-10-26 13:20:40.358653,4
83.07615538505436,24.955106162913182,20.342915853576535,41.338850766276124,0.9211585436612837,5.10590063177311,93.87378008308303,52.800106836351326,90.09921174832867,11.982754825828591,48.9864779965972,15.882727120140549,521.0297073255485,0.0019192763597550156,0.95,45.61171932512265,11.39815694470042,0.0019192763597550156,0.0,3.807897609129372,157.10303317967447,0.32097081943516076,12.722023654568211,4.901214293875112,90.09921174832867,0.45663961802542674,0,173.48214074411194,BW-002,2026-11-05 13:20:40.358653,5
60.97263865725815,25.872833775443006,20.125328152884588,46.571006024469945,1.930892865503881,3.281945819522607,87.34840422988522,35.71884547593484,49.83070405481265,7.166818252606065,46.55087750954968,15.458930973527387,534.584555702154,0.0018706114670419961,0.94,43.392569596147354,10.708408986330644,0.0018706114670419961,1.6855510587314626,4.104781157723178,95.63290526523122,0.508229142374645,12.165872885726454,3.8968910439566393,49.83070405481265,0.3264777135600217,0,165.89826662354255,BW-002,2026-11-15 13:20:40.358653,6
96.59457560881793,24.22095220153267,18.18547939834641,46.27964550210541,1.1422762224759715,4.396794054397381,86.2793390412273,40.73082504256569,73.79783795581135,9.4838121228451,53.61134253833532,14.240315017022994,502.5296645827827,0.0019899322775904864,0.9299999999999999,49.07671660542696,10.408587197735276,0.0019899322775904864,0.0,4.404741652792841,101.42515051351582,0.30404411953755717,11.616959490611604,4.345036912154077,73.79783795581135,0.3967516925608726,0,158.4130839628855,BW-002,2026-11-25 13:20:40.358653,7
98.66619276174679,27.781719862535518,28.23611346560832,31.066773409670056,1.0776465929028878,3.1120445662476435,94.67801681978975,42.20381282822526,59.32943512013001,7.366055194678242,51.31569484139577,14.646165267190609,522.1182575245899,0.0019152749125094586,0.92,47.22548334530332,10.43284696716477,0.0019152749125094586,4.7852906140426725,4.659342889098213,78.55166025838766,0.42833602811302274,12.201884135437155,4.579236285589108,59.32943512013001,0.35440026099114363,0,166.38932911959756,BW-002,2026-12-05 13:20:40.358653,8
94.04546686067428,23.901532030937666,20.03391296023311,37.363230299000406,1.9042321612411715,3.3811815379556545,85.66729780164414,50.39987106197222,60.67921887200696,7.241417143336705,51.55063945724737,14.536534764210959,515.4032614655613,0.0019402283120143176,0.91,48.704535739533455,10.983447366747287,0.0019402283120143176,3.4391784564202084,4.182073736392236,75.84403837255611,0.3872036187439458,11.433362426279539,3.1151175200332886,60.67921887200696,0.35688504134635823,0,155.90948763108463,BW-002,2026-12-15 13:20:40.358653,9
87.84119186699891,25.42036702053619,19.16611792524922,38.76017344078007,1.985080775156395,3.256042394981304,71.55045163505824,45.627092631362956,40.239901746381605,5.824282597595224,50.11665342398803,14.487806179332855,486.28212721250765,0.002056419399438456,0.9,45.69614920618624,10.076346657098796,0.002056419399438456,0.20395494009502774,4.958851557893839,52.93772133873361,0.3489335802274635,12.037541319524838,4.7754083655166,40.239901746381605,0.28001764398502427,0,164.14829072079323,BW-002,2026-12-25 13:20:40.358653,10
